game_id,game_name
0,Alien Swarm
1,Cities Skylines
2,Deus Ex Human Revolution
3,Portal 2
4,Age of Empires II HD Edition
5,Banished
6,Call of Duty Black Ops
7,Call of Duty Black Ops - Multiplayer
8,Call of Duty Modern Warfare 2
9,Call of Duty Modern Warfare 2 - Multiplayer
10,Call of Duty Modern Warfare 3
11,Call of Duty Modern Warfare 3 - Multiplayer
12,Call of Duty World at War
13,Half-Life
14,Rise of Nations Extended Edition
15,The Stanley Parable
16,Thief Deadly Shadows
17,Total War ATTILA
18,Worms Armageddon
19,Alan Wake
20,Borderlands 2
21,Far Cry 3
22,Max Payne 3
23,Portal
24,The Walking Dead
25,Torchlight II
26,XCOM Enemy Unknown
27,Half-Life 2
28,7 Days to Die
29,ARK Survival Evolved
30,Age of Empires III Complete Collection
31,Age of Wonders III
32,Alpha Protocol
33,Amnesia A Machine for Pigs
34,Amnesia The Dark Descent
35,Awesomenauts
36,Batman Arkham Origins
37,BattleBlock Theater
38,Battlefield Bad Company 2
39,BioShock Infinite
40,Borderlands
41,Broken Age
42,Brothers - A Tale of Two Sons
43,Brtal Legend
44,Bulletstorm
45,Call of Juarez Gunslinger
46,Castle Crashers
47,Cave Story+
48,Chivalry Medieval Warfare
49,Crusader Kings II
50,Crysis 2 Maximum Edition
51,DARK SOULS II
52,DARK SOULS II Scholar of the First Sin
53,Dark Souls Prepare to Die Edition
54,Darkest Dungeon
55,Darksiders II
56,Dead Island
57,Dear Esther
58,Deus Ex Game of the Year Edition
59,Dishonored
60,Divinity Original Sin
61,Divinity Original Sin Enhanced Edition
62,DmC Devil May Cry
63,Don't Starve
64,Dragon Age Origins - Ultimate Edition
65,Driver San Francisco
66,DuckTales Remastered
67,Dungeon Defenders
68,Dungeons of Dredmor
69,Dying Light
70,Endless Legend
71,Euro Truck Simulator 2
72,FTL Faster Than Light
73,Fallout
74,Fallout 4
75,Fallout New Vegas
76,Galactic Civilizations II Ultimate Edition
77,Goat Simulator
78,Gone Home
79,Guacamelee! Gold Edition
80,Gunpoint
81,Guns of Icarus Online
82,Hitman Absolution
83,Hotline Miami
84,Insurgency
85,Just Cause 2
86,Just Cause 2 Multiplayer Mod
87,Killing Floor 2
88,Kingdoms of Amalur Reckoning
89,LEGO MARVEL Super Heroes
90,Left 4 Dead
91,Legend of Grimrock
92,Legend of Grimrock 2
93,Little Inferno
94,METAL GEAR SOLID V GROUND ZEROES
95,METAL GEAR SOLID V THE PHANTOM PAIN
96,Machinarium
97,Magicka
98,Mark of the Ninja
99,Mass Effect 2
100,Metro 2033
101,Metro Last Light
102,Might & Magic Heroes VI
103,Monaco
104,Mortal Kombat X
105,Natural Selection 2
106,Nidhogg
107,ORION Prelude
108,Octodad Dadliest Catch
109,Orcs Must Die! 2
110,Outlast
111,PAYDAY 2
112,PROTOTYPE 2
113,"Papers, Please"
114,Pillars of Eternity
115,Prison Architect
116,RAGE
117,Red Faction Guerrilla Steam Edition
118,Rocket League
119,Rogue Legacy
120,Rust
121,STAR WARS Knights of the Old Republic II The Sith Lords
122,Saints Row IV
123,Saints Row The Third
124,Sanctum
125,Sanctum 2
126,Satellite Reign
127,Savage Lands
128,Scribblenauts Unlimited
129,Serious Sam 3 BFE
130,Serious Sam HD The Second Encounter
131,Shadow Warrior
132,Shadowrun Dragonfall - Director's Cut
133,Shadowrun Hong Kong
134,Shadowrun Returns
135,Sid Meier's Civilization Beyond Earth
136,"Sir, You Are Being Hunted"
137,Sleeping Dogs
138,Sonic & All-Stars Racing Transformed
139,Sonic Generations
140,Spec Ops The Line
141,Starbound
142,State of Decay
143,Styx Master of Shadows
144,Surgeon Simulator
145,Terraria
146,The Binding of Isaac
147,The Cave
148,The Forest
149,The Long Dark
150,The Lord of the Rings War in the North
151,The Secret of Monkey Island Special Edition
152,The Swapper
153,The Talos Principle
154,The Testament of Sherlock Holmes
155,The Witcher 2 Assassins of Kings Enhanced Edition
156,The Witcher 3 Wild Hunt
157,The Wolf Among Us
158,Thief
159,Tom Clancy's Splinter Cell Blacklist
160,Tomb Raider
161,Torchlight
162,Transformers Fall of Cybertron
163,Trine 2
164,Tropico 4
165,Undertale
166,Universe Sandbox
167,"Warhammer 40,000 Dawn of War II"
168,"Warhammer 40,000 Dawn of War II - Chaos Rising"
169,Warhammer End Times - Vermintide
170,Wasteland 2
171,Serious Sam HD The First Encounter
172,Half-Life 2 Episode Two
173,Insurgency Modern Infantry Combat
174,Day of Defeat Source
175,Killing Floor
176,Mass Effect
177,Osmos
178,PC Gamer
179,Batman Arkham Asylum GOTY Edition
180,Team Fortress Classic
181,A.R.E.S.
182,Age of Chivalry
183,And Yet It Moves
184,Anomaly Warzone Earth
185,Assassin's Creed II
186,Assassin's Creed III
187,Assassin's Creed Revelations
188,Atom Zombie Smasher 
189,BIT.TRIP RUNNER
190,Batman Arkham City
191,Batman Arkham City GOTY
192,BioShock
193,Blocks That Matter
194,Braid
195,Burnout Paradise The Ultimate Box
196,Cities XL Platinum
197,Cogs
198,Command and Conquer Red Alert 3 - Uprising
199,Confrontation
200,Costume Quest
201,Crysis Warhead
202,Crysis Wars
203,DEFCON
204,Dark Messiah of Might & Magic Single Player
205,Defense Grid 2
206,Defense Grid The Awakening
207,Deus Ex Human Revolution - The Missing Link
208,DiRT 3
209,DiRT 3 Complete Edition
210,DogFighter
211,Empire Total War
212,Europa Universalis III
213,Faerie Solitaire
214,Far Cry 2
215,Far Cry 3 Blood Dragon
216,Fate of the World
217,Foreign Legion Buckets of Blood
218,Frozen Synapse
219,Galaxy on Fire 2 Full HD
220,Gemini Rue
221,Geometry Wars Retro Evolved
222,Gratuitous Space Battles
223,Half-Life 2 Deathmatch
224,Half-Life Blue Shift
225,Half-Life Opposing Force
226,Hard Reset
227,Jamestown
228,Madballs in...Babo Invasion
229,McPixel
230,Mirror's Edge
231,Mount & Blade Warband
232,Multiwinia
233,Napoleon Total War
234,Orcs Must Die!
235,PAYDAY The Heist
236,Painkiller Hell & Damnation
237,Plain Sight
238,Poker Night at the Inventory
239,Prince of Persia
240,Project Zomboid
241,Proteus
242,Psychonauts
243,Race The Sun
244,Renegade Ops
245,Revenge of the Titans
246,Rising Storm/Red Orchestra 2 Multiplayer
247,Rock of Ages
248,Rome Total War
249,S.T.A.L.K.E.R. Shadow of Chernobyl
250,Saira
251,Sam & Max 301 The Penal Zone
252,Shadowgrounds
253,Shank
254,Shatter
255,SimCity 4 Deluxe
256,Space Pirates and Zombies
257,SpaceChem
258,Stacking
259,Star Trek Online
260,SteamWorld Dig
261,Steel Storm Burning Retribution
262,Super Meat Boy
263,Super Monday Night Combat
264,Swords and Soldiers HD
265,Teleglitch Die More Edition
266,The Ball
267,The Incredible Adventures of Van Helsing
268,The Path
269,The Ship
270,The Ship Tutorial
271,The Typing of The Dead Overkill
272,Titan Quest
273,Titan Quest Immortal Throne
274,To the Moon
275,Tomb Raider Anniversary
276,Total War SHOGUN 2
277,Trials 2 Second Edition
278,Trine
279,Unepic
280,VVVVVV
281,Vampire The Masquerade - Bloodlines
282,Vessel
283,Wargame European Escalation
284,Wings of Prey
285,World of Goo
286,Zeno Clash
287,War Thunder
288,Company of Heroes Tales of Valor
289,Magic 2015
290,Sid Meier's Railroads!
291,Ticket to Ride
292,3DMark
293,Arma 3
294,Company of Heroes 2
295,Dungeon Defenders II
296,FINAL FANTASY VII
297,Planetary Annihilation
298,Planetary Annihilation TITANS
299,Plants vs. Zombies Game of the Year
300,Robocraft
301,Sins of a Solar Empire Trinity
302,Star Wars - Battlefront II
303,Star Wars Knights of the Old Republic
304,Street Fighter IV
305,Supreme Commander 2
306,Supreme Commander Forged Alliance
307,Unreal Tournament 3 Black Edition
308,World in Conflict Soviet Assault
309,Half-Life 2 Lost Coast
310,DC Universe Online
311,DOOM II Hell on Earth
312,Deathmatch Classic
313,Ricochet
314,South Park The Stick of Truth
315,Star Wars The Force Unleashed II
316,Call of Duty Black Ops II
317,Call of Duty Black Ops II - Multiplayer
318,Call of Duty Black Ops II - Zombies
319,Call of Duty Advanced Warfare
320,Half-Life Source
321,Grand Theft Auto IV
322,Red Faction Armageddon
323,Broforce
324,Hammerwatch
325,Rayman Legends
326,Sid Meier's Civilization IV Colonization
327,BioShock 2
328,Company of Heroes
329,Company of Heroes (New Steam Version)
330,Deadlight
331,Don't Starve Together Beta
332,Droplitz
333,Duke Nukem 3D Megaton Edition
334,Dust An Elysian Tail
335,Dwarfs!?
336,F.E.A.R.
337,Fallout 3
338,Final DOOM
339,From Dust
340,GRID
341,GRID 2
342,Ghostbusters The Video Game
343,Grand Theft Auto V
344,LIMBO
345,Lost Planet 2
346,Next Car Game Wreckfest
347,Poker Night 2
348,Quake
349,Red Faction
350,Resident Evil 5 / Biohazard 5
351,Rise of the Triad
352,Ryse Son of Rome
353,Shadow Warrior Classic Redux
354,Sid Meier's Civilization IV
355,Sid Meier's Civilization IV Warlords
356,Sniper Elite 3
357,Spelunky
358,Star Wars Dark Forces
359,Star Wars Jedi Knight Dark Forces II
360,Star Wars Jedi Knight Jedi Academy
361,The Ultimate DOOM
362,Wolfenstein The New Order
363,Wolfenstein The Old Blood 
364,Day of Defeat
365,Half-Life 2 Episode One
366,Call of Duty 4 Modern Warfare
367,Duke Nukem Forever
368,Loadout
369,Kerbal Space Program
370,SpeedRunners
371,Battlefield 2
372,Black Mesa
373,Blacklight Retribution
374,Bloodline Champions
375,Brawlhalla
376,Chains
377,Counter-Strike Nexon Zombies
378,Dirty Bomb
379,H1Z1
380,PlanetSide 2
381,Quake Live
382,Reign Of Kings
383,Rocksmith
384,TERA
385,Ultra Street Fighter IV
386,Warframe
387,Aliens vs. Predator
388,No More Room in Hell
389,Counter-Strike Condition Zero
390,Counter-Strike Condition Zero Deleted Scenes
391,RaceRoom Racing Experience 
392,Car Mechanic Simulator 2014
393,Codename Gordon
394,Copa Petrobras de Marcas
395,Toki Tori
396,Shattered Horizon
397,L.A. Noire
398,Game Dev Tycoon
399,Besiege
400,Total War ROME II - Emperor Edition
401,Anno 2070
402,Tropico 5
403,Borderlands The Pre-Sequel
404,Bully Scholarship Edition
405,Cities XL 2012
406,Democracy 3
407,EVE Online
408,Elite Dangerous
409,Just Cause 3
410,Microsoft Flight Simulator X Steam Edition
411,Tom Clancy's Rainbow Six Vegas 2
412,Train Simulator
413,Audiosurf
414,Ori and the Blind Forest
415,The Escapists
416,This War of Mine
417,Clicker Heroes
418,Path of Exile
419,Crypt of the NecroDancer
420,SolForge
421,"Warhammer 40,000 Dawn of War II  Retribution"
422,The Binding of Isaac Rebirth
423,Angry Video Game Nerd Adventures
424,Anomaly 2
425,Bad Rats
426,"Ben There, Dan That!"
427,"Cook, Serve, Delicious!"
428,DRAGON BALL XENOVERSE
429,DUNGEONS - Steam Special Edition
430,Distance
431,Dungeonland
432,Gauntlet 
433,Global Agenda
434,Hand Of Fate
435,Hero Siege
436,Middle-earth Shadow of Mordor
437,Monday Night Combat
438,Mount Your Friends
439,Need for Speed Undercover
440,Never Alone (Kisima Ingitchuna)
441,Nosgoth
442,Nuclear Throne
443,Rampage Knights
444,Risk of Rain
445,Robot Roller-Derby Disco Dodgeball
446,RollerCoaster Tycoon 3 Platinum!
447,Sacred Citadel
448,Sang-Froid - Tales of Werewolves
449,Super Hexagon
450,The Mighty Quest For Epic Loot
451,The Misadventures of P.B. Winterbottom
452,The Walking Dead Season Two
453,Dead Space
454,Hydrophobia Prophecy
455,RIFT
456,Sniper Elite V2
457,Zombie Driver
458,CastleStorm
459,LEGO Worlds
460,Majesty 2
461,Spintires
462,F1 2011
463,Assetto Corsa
464,DiRT 2
465,F1 2010
466,RACE 07
467,Darksiders
468,Farming Simulator 2013
469,Remember Me
470,DiRT Showdown
471,Tropico 3 - Steam Special Edition
472,The Last Remnant
473,Alice Madness Returns
474,Assassin's Creed
475,BeamNG.drive
476,Car Mechanic Simulator 2015
477,Castlevania Lords of Shadow - Ultimate Edition
478,Command and Conquer Red Alert 3
479,Dragon Age II
480,Dragon Age Origins
481,Earth 2160
482,Evil Genius
483,F1 2012
484,FINAL FANTASY XIII
485,Farming Simulator 15
486,Farming Simulator 2011
487,Forge
488,GRID Autosport
489,Greed Corp
490,Hitman Blood Money
491,Iron Brigade
492,King Arthur Collection
493,Krater
494,METAL GEAR RISING REVENGEANCE
495,Mad Max
496,Mafia II
497,Mars War Logs
498,Need for Speed Hot Pursuit
499,Of Orcs And Men
500,Oil Rush
501,Overlord
502,Penumbra Black Plague
503,Prime World Defenders
504,Prototype
505,Quantum Conundrum
506,Shift 2 Unleashed
507,Space Engineers
508,Star Wars - Jedi Knight II Jedi Outcast
509,Star Wars Republic Commando
510,Stronghold 2
511,Tales of Monkey Island Chapter 1 - Launch of the Screaming Narwhal
512,The Witcher Enhanced Edition
513,Tomb Raider Underworld
514,Transformers War for Cybertron
515,Valkyria Chronicles
516,You Need A Budget 4 (YNAB)
517,Worms Reloaded
518,F.E.A.R. 3
519,Wargame AirLand Battle
520,HAWKEN
521,Medieval II Total War
522,Medieval II Total War Kingdoms
523,Homeworld Remastered Collection
524,Fallout 3 - Game of the Year Edition
525,R.U.S.E
526,Alien Breed 2 Assault
527,Alien Isolation
528,Among the Sleep
529,Crysis
530,Darwinia
531,Dead Space 2
532,Europa Universalis IV
533,F.E.A.R. 2 Project Origin
534,F.E.A.R. Perseus Mandate
535,Galactic Civilizations III
536,Game of Thrones - A Telltale Games Series
537,Infested Planet
538,Plague Inc Evolved
539,RISK Factions
540,Sid Meier's Civilization IV Beyond the Sword
541,Sins of a Solar Empire Rebellion
542,Star Wars Empire at War Gold
543,The Elder Scrolls IV Oblivion 
544,Transistor
545,Valiant Hearts The Great War / Soldats Inconnus  Mmoires de la Grande Guerre
546,X3 Reunion
547,Arma 2
548,Mortal Kombat Komplete Edition
549,EVGA PrecisionX 16
550,Aliens Colonial Marines
551,BIT.TRIP Presents... Runner2 Future Legend of Rhythm Alien
552,Back to the Future Ep 1 - It's About Time
553,Back to the Future Ep 2 - Get Tannen!
554,Dead Rising 2
555,Double Dragon Neon
556,FlatOut Ultimate Carnage
557,Half-Life 2 Update
558,Hotline Miami 2 Wrong Number
559,METAL SLUG 3
560,Mortal Kombat Kollection
561,One Finger Death Punch
562,Return to Castle Wolfenstein
563,Thinking with Time Machine
564,Alan Wake's American Nightmare
565,S.T.A.L.K.E.R. Clear Sky
566,Botanicula
567,Next Car Game Sneak Peek 2.0
568,Firefall
569,Bastion
570,Dead Island Riptide
571,A.V.A - Alliance of Valiant Arms
572,Altitude
573,Betrayer
574,Chime
575,Dishonored (RU)
576,Gish
577,Magic The Gathering  Duels of the Planeswalkers 2012
578,Magicka 2
579,S.T.A.L.K.E.R. Call of Pripyat
580,Shadowgrounds Survivor
581,The Baconing
582,The Secret World
583,Tiny and Big Grandpa's Leftovers
584,TrackMania United
585,Windosill
586,FEZ
587,Trials Evolution Gold Edition
588,EDGE
589,RUSH
590,Bejeweled 3
591,Grand Theft Auto Episodes from Liberty City
592,Peggle Nights
593,The Elder Scrolls III Morrowind
594,Watch_Dogs
595,Assassin's Creed Brotherhood
596,Contagion
597,Antichamber
598,Alchemy Mysteries Prague Legends
599,Blur
600,Crayon Physics Deluxe
601,Deponia The Complete Journey
602,Eets
603,FORCED
604,Ghost Master
605,Gravilon
606,Grim Legends The Forsaken Bride
607,Insanely Twisted Shadow Planet
608,Lara Croft and the Guardian of Light
609,Monkey Island 2 Special Edition
610,Peggle Deluxe
611,Penumbra Overture
612,Puzzle Agent
613,Rocketbirds Hardboiled Chicken
614,Saints Row 2
615,Sam & Max 101 Culture Shock
616,Sam & Max 102 Situation Comedy
617,Sam & Max 104 Abe Lincoln Must Die!
618,Shank 2
619,Shoppe Keep
620,Singularity
621,Sinister City
622,The Beginner's Guide
623,The Book of Unwritten Tales
624,The Jackbox Party Pack
625,The Longest Journey
626,The Maw
627,The Tiny Bang Story
628,Tomb Raider I
629,TrackMania Stadium
630,Worms Clan Wars
631,ibb & obb
632,Medal of Honor(TM) Multiplayer
633,Medal of Honor(TM) Single Player
634,Arma 2 Operation Arrowhead
635,Always Sometimes Monsters
636,Blackguards
637,Giana Sisters Twisted Dreams
638,Magic 2014 
639,Magic Duels
640,Pixel Piracy
641,"Warhammer 40,000 Space Marine"
642,Operation Flashpoint Dragon Rising
643,Reus
644,Dino D-Day
645,Dead Island Epidemic
646,Sins of a Dark Age
647,System Shock 2
648,Endless Space
649,Two Worlds Epic Edition
650,Xenonauts
651,ArcaniA
652,Deus Ex Human Revolution - Director's Cut
653,"Warhammer 40,000 Dawn of War - Game of the Year Edition"
654,A Virus Named TOM
655,Afterfall InSanity Extended Edition
656,Alien Breed Impact
657,Anna - Extended Edition
658,BEEP
659,Battlepaths
660,Beatbuddy Tale of the Guardians
661,Bionic Dues
662,Blockstorm
663,Canyon Capers
664,Card Hunter
665,Chaos on Deponia
666,Chip
667,D.I.P.R.I.P. Warm Up
668,Dead Bits
669,Deponia
670,Divinity Dragon Commander
671,Divinity II Developer's Cut
672,Dragon Age Origins Character Creator
673,Dustforce
674,Eets Munchies
675,Electronic Super Joy
676,Enclave
677,Fallen Enchantress Legendary Heroes
678,Fractured Space
679,Freedom Planet
680,Frozen Hearth
681,Full Mojo Rampage
682,Goodbye Deponia
683,Grimm
684,Guardians of Middle-earth
685,Gun Monkeys
686,Ionball 2  Ionstorm
687,Joe Danger 2 The Movie
688,KickBeat Steam Edition
689,Knights and Merchants
690,Knights of Pen and Paper +1
691,LUFTRAUSERS
692,Leviathan Warships
693,Lucius
694,MURDERED SOUL SUSPECT
695,Magic The Gathering - Duels of the Planeswalkers
696,Magic The Gathering - Duels of the Planeswalkers 2013
697,Magicka Wizard Wars
698,Mechanic Escape
699,Memories of a Vagabond
700,Mercenary Kings
701,Might & Magic Clash of Heroes
702,Might & Magic Duel of Champions
703,Nosferatu The Wrath of Malachi
704,Out There Somewhere
705,Outland
706,Overcast - Walden and the Werewolf
707,Particula
708,Pixel Puzzles Japan
709,Primal Carnage Extinction
710,QuestRun
711,RADical ROACH Deluxe Edition
712,Racer 8
713,Ravaged Zombie Apocalypse
714,Really Big Sky
715,Relic Hunters Zero
716,Risen
717,Rush Bros
718,Screencheat
719,Shadows on the Vatican - Act I Greed
720,Sine Mora
721,Skullgirls
722,Skyborn
723,Smashball
724,Sniper Elite Nazi Zombie Army 2
725,Strike Suit Zero
726,Stronghold Crusader HD
727,Stronghold HD
728,Super Killer Hornet Resurrection
729,Syberia
730,Talisman Digital Edition
731,Talisman Prologue
732,The Bridge
733,The Culling Of The Cows
734,The Darkness II
735,The Incredible Adventures of Van Helsing II
736,Thomas Was Alone
737,Titan Attacks
738,Toki Tori 2+
739,Tom Clancy's Ghost Recon Phantoms - EU
740,Two Worlds II
741,Uriel's Chasm
742,Wanderlust Rebirth
743,Warface
744,Woodle Tree Adventures
745,Worms Revolution
746,X-Blades
747,BRINK
748,The Banner Saga
749,Windward
750,Dungeon Defenders Eternity
751,Mount & Blade With Fire and Sword
752,Darkspore
753,Demigod
754,Dungeons & Dragons Chronicles of Mystara
755,Moonbase Alpha
756,Eufloria
757,Marvel Heroes 2015
758,Gnomoria
759,Batman Arkham Asylum
760,Just Cause
761,Lost Planet Extreme Condition
762,Universe at War Earth Assault
763,Tom Clancy's Splinter Cell Conviction
764,Hitman 2 Silent Assassin
765,Hitman Sniper Challenge
766,Spore
767,Star Wars The Force Unleashed Ultimate Sith Edition
768,X3 Terran Conflict
769,The Vanishing of Ethan Carter
770,BIT.TRIP BEAT
771,Beat Hazard
772,Commandos 3 Destination Berlin
773,Dawn of Discovery - Venice
774,Far Cry
775,Lunar Flight
776,Sunless Sea
777,X-COM UFO Defense
778,Blood Bowl Legendary Edition
779,Broken Sword 1 - Shadow of the Templars Director's Cut
780,Space Hulk
781,Aliens versus Predator Classic 2000
782,Analogue A Hate Story
783,Blood Bowl Chaos Edition
784,FINAL FANTASY VIII
785,King Arthur's Gold
786,Spacebase DF-9
787,DayZ
788,Zombie Panic Source
789,Ultimate General Gettysburg
790,Arma 2 Operation Arrowhead Beta (Obsolete)
791,Craft The World
792,Hearts of Iron III
793,LEGO The Lord of the Rings
794,Nether
795,The Chronicles of Riddick Assault on Dark Athena
796,Metro 2033 Redux
797,Carrier Command Gaea Mission
798,E.Y.E Divine Cybermancy
799,Five Nights at Freddy's
800,GRAV
801,King Arthur II - The Role-playing Wargame
802,Landmark
803,Medal of Honor Airborne
804,Miasmata
805,Mount & Blade
806,Retro City Rampage DX
807,SEGA Genesis & Mega Drive Classics
808,Toy Soldiers
809,Valdis Story Abyssal City
810,X-COM Apocalypse
811,Marvel Puzzle Quest
812,Homefront
813,Max Payne 2 The Fall of Max Payne
814,Synergy
815,ArcheAge
816,Heroes & Generals
817,Defiance
818,Tom Clancy's Ghost Recon Future Soldier
819,Resident Evil 6 / Biohazard 6
820,Gotham City Impostors
821,Audiosurf 2
822,Dizzel
823,HELLDIVERS
824,Indiana Jones and the Fate of Atlantis
825,Resident Evil Revelations / Biohazard Revelations
826,Sacred Gold
827,POSTAL 2
828,Killing Floor Mod Defence Alliance 2
829,War of the Roses
830,Arma 2 DayZ Mod
831,Planetbase
832,Door Kickers
833,Project CARS
834,Evochron Mercenary
835,Rebel Galaxy
836,StarForge
837,Arma 2 Private Military Company
838,Blade Symphony
839,Cities XL 2011
840,Cortex Command
841,DiRT Rally
842,Empires
843,Intrusion 2
844,Minimum
845,Nation Red
846,Offworld Trading Company
847,Tower Wars
848,Time Clickers
849,AdVenture Capitalist
850,Infinity Wars - Animated Trading Card Game
851,A Game of Thrones - Genesis
852,Dungeons & Dragons Daggerdale
853,Everlasting Summer
854,Neverwinter
855,Star Trek D-A-C
856,Steel Ocean
857,Stronghold Kingdoms
858,Sword of the Stars II Enhanced Edition
859,Victory Command
860,Eternal Silence
861,Grand Theft Auto San Andreas
862,Revolution Ace
863,Stronghold Crusader 2
864,Dungeon of the Endless
865,Wargame Red Dragon
866,SOMA
867,Gear Up
868,Home
869,Mini Metro
870,Reassembly
871,Source Filmmaker
872,FlatOut 2
873,Company of Heroes Opposing Fronts
874,FlatOut
875,Rocksmith 2014
876,FINAL FANTASY XIV A Realm Reborn
877,ACE - Arena Cyber Evolution
878,Gems of War
879,theHunter
880,DCS World
881,World of Guns Gun Disassembly
882,Star Conflict
883,Starpoint Gemini 2
884,The Showdown Effect
885,"Warhammer 40,000 Dawn of War  Soulstorm"
886,Hazard Ops
887,How to Survive
888,Men of War Assault Squad 2
889,Patch testing for Chivalry
890,The Stomping Land
891,Verdun
892,Front Mission Evolved
893,Stronghold 3
894,Lead and Gold - Gangs of the Wild West
895,Spore Creepy & Cute Parts Pack
896,King Arthur - The Role-playing Wargame
897,King's Bounty The Legend
898,Champions Online
899,Command and Conquer 4 Tiberian Twilight
900,Dungeons & Dragons Online
901,"Invisible, Inc."
902,Spore Galactic Adventures
903,StarDrive
904,Steam Marines
905,Stranded Deep
906,Fishing Planet
907,Darkest Hour Europe '44-'45
908,Red Orchestra Ostfront 41-45
909,Sid Meier's Pirates!
910,Age of Mythology Extended Edition
911,Fable Anniversary
912,"Warhammer 40,000 Dawn of War  Dark Crusade"
913,"Warhammer 40,000 Dawn of War  Winter Assault"
914,Ace of Spades
915,DOOM 3 Resurrection of Evil
916,Sheltered
917,WAKFU
918,Zombies Monsters Robots
919,Evolve
920,Estranged Act I
921,Red Orchestra 2 Heroes of Stalingrad - Single Player
922,Thief 2
923,Capsized
924,Thief Gold
925,Zombie Army Trilogy
926,Call of Duty Advanced Warfare - Multiplayer
927,Grand Theft Auto III
928,Grand Theft Auto Vice City
929,Life Is Strange
930,Puzzle Quest
931,Castlevania Lords of Shadow 2
932,Divekick
933,Skullgirls Endless Beta
934,Tribes Ascend
935,Tom Clancy's Ghost Recon Phantoms - NA
936,AirMech
937,Battle Nations
938,Creativerse
939,Endless Sky
940,Infinite Crisis
941,MechWarrior Online
942,NEOTOKYO
943,Total War Battles KINGDOM
944,X-COM Terror from the Deep
945,Fallout 2
946,Post Apocalyptic Mayhem
947,War for the Overworld
948,Max Payne
949,Command and Conquer 3 Kane's Wrath
950,Cthulhu Saves the World 
951,Devil May Cry 4
952,The Polynomial
953,Unreal Tournament 2004
954,Before the Echo
955,140
956,Gotham City Impostors Free To Play
957,Lone Survivor The Director's Cut
958,NARUTO SHIPPUDEN Ultimate Ninja STORM 3 Full Burst
959,Neverwinter Nights 2 Platinum
960,NightSky
961,Shovel Knight
962,Towns
963,Section 8 Prejudice
964,Sniper Ghost Warrior
965,Men of War
966,Peggle Extreme
967,The Ship Single Player
968,Call of Juarez Bound in Blood
969,Railroad Tycoon 3
970,Take On Helicopters
971,DOOM 3
972,Overlord II
973,Recettear An Item Shop's Tale
974,ACE COMBAT ASSAULT HORIZON Enhanced Edition
975,Test Drive Unlimited 2
976,Bloons TD5
977,Bridge Project
978,Cities in Motion
979,Crash Time II
980,Hacker Evolution
981,Hammerfight
982,Primal Carnage
983,Shoot Many Robots
984,Sniper Elite Nazi Zombie Army
985,Killer is Dead
986,Uplink
987,Deus Ex Invisible War
988,Lethal League
989,resident evil 4 / biohazard 4
990,Long Live The Queen
991,Half Minute Hero Super Mega Neo Climax Ultimate Boy
992,LISA
993,Oddworld Stranger's Wrath HD
994,Portal 2 - The Final Hours
995,Sonic CD
996,Sid Meier's Civilization III Complete
997,Mare Nostrum
998,Fallout Tactics
999,Trove
1000,The Settlers 7 Paths to a Kingdom - Gold Edition
1001,Realm of the Mad God
1002,Solar 2
1003,Heroes of Might & Magic V
1004,Assassin's Creed IV Black Flag
1005,Tropico 3 Absolute Power
1006,Aquaria
1007,HOARD
1008,"On the Rain-Slick Precipice of Darkness, Episode One"
1009,Prince of Persia The Forgotten Sands
1010,Prince of Persia The Sands of Time
1011,Stronghold Crusader Extreme HD
1012,Superbrothers Sword & Sworcery EP
1013,Bunch Of Heroes
1014,Risen 2 - Dark Waters
1015,THE KING OF FIGHTERS XIII STEAM EDITION
1016,Child of Light
1017,Warlock - Master of the Arcane
1018,Command and Conquer 3 Tiberium Wars
1019,Devil May Cry 3 Special Edition
1020,PixelJunk Eden
1021,Strike Suit Infinity
1022,Race The WTCC Game
1023,Happy Wars
1024,Dark Messiah of Might & Magic Multi-Player
1025,Supreme Commander
1026,Waking Mars
1027,Infestation Survivor Stories
1028,La Tale
1029,Keep Talking and Nobody Explodes
1030,F1 2013
1031,Wolfenstein The New Order German Edition
1032,Bridge Constructor
1033,Cry of Fear
1034,Depth
1035,Pinball Arcade
1036,GunZ 2 The Second Duel
1037,School of Dragons How to Train Your Dragon
1038,Half-Life Deathmatch Source
1039,The Sims(TM) 3
1040,Haunted Memories
1041,Rome Total War - Alexander
1042,FaceRig
1043,Floating Point
1044,Overgrowth
1045,Super Crate Box
1046,Toribash
1047,Victoria II
1048,Call of Duty Ghosts - Multiplayer
1049,Call of Duty Black Ops III
1050,BLOCKADE 3D
1051,The Dig
1052,Pinball FX2
1053,God Mode
1054,GameMaker Studio
1055,X3 Albion Prelude
1056,ENSLAVED Odyssey to the West Premium Edition
1057,The Expendabros
1058,PAC-MAN Championship Edition DX+
1059,They Bleed Pixels
1060,Tony Hawk's Pro Skater HD
1061,RollerCoaster Tycoon Deluxe
1062,Injustice Gods Among Us Ultimate Edition
1063,Indie Game The Movie
1064,Space Run
1065,SkyDrift
1066,Closure
1067,A Valley Without Wind
1068,Dead Pixels
1069,Hacker Evolution - Untold
1070,Lego Star Wars Saga
1071,Savant - Ascent
1072,Strider
1073,The Legend of Heroes Trails in the Sky
1074,Tom Clancy's Rainbow Six Siege
1075,Organ Trail Director's Cut
1076,Evoland
1077,Mountain
1078,Five Nights at Freddy's 2
1079,Trials Fusion
1080,Viscera Cleanup Detail
1081,Unreal Gold
1082,Grand Theft Auto
1083,Freedom Force
1084,Portal Stories Mel
1085,F.E.A.R. Extraction Point
1086,Resident Evil / biohazard HD REMASTER
1087,Loom
1088,A Bird Story
1089,Thirty Flights of Loving
1090,Quake III Arena
1091,8BitBoy
1092,Bleed
1093,DLC Quest
1094,Jazzpunk
1095,The Way of Life Free Edition
1096,You Have to Win the Game
1097,Hunted The Demon's Forge
1098,Block N Load
1099,Caster
1100,Damned
1101,Tomb Raider Legend
1102,Gothic 3
1103,Gothic II Gold Edition
1104,Grand Theft Auto 2
1105,Silent Hill Homecoming
1106,Oddworld Abe's Oddysee
1107,Wizorb
1108,Hero Academy
1109,Rayman Origins
1110,Her Story
1111,Legend of Dungeon
1112,Rochard
1113,Medieval Engineers
1114,The LEGO Movie - Videogame
1115,Another World
1116,Pid 
1117,Adventures of Shuggy
1118,Dead Rising 3
1119,LEGO The Hobbit
1120,Minecraft Story Mode - A Telltale Games Series
1121,Tom Clancy's Splinter Cell
1122,Trine 3 The Artifacts of Power
1123,Castle Story
1124,MapleStory
1125,Metro Last Light Redux
1126,Stealth Bastard Deluxe
1127,Snuggle Truck
1128,I am Bread
1129,Nuclear Dawn
1130,Town of Salem
1131,The Elder Scrolls Online Tamriel Unlimited
1132,Arma Cold War Assault
1133,Call of Duty Ghosts
1134,Takedown Red Sabre
1135,Grim Dawn
1136,Lost Planet 3
1137,DOOM 3 BFG Edition
1138,Viking Battle for Asgard
1139,Slender The Arrival
1140,LYNE
1141,Arx Fatalis
1142,Sparkle 2 Evo
1143,Sacred 2 Gold
1144,Alien Rage - Unlimited
1145,Blender 2.76b
1146,Breath of Death VII 
1147,Dead Effect
1148,Dungeon Siege
1149,Interstellar Marines
1150,Legendary
1151,Overlord Raising Hell
1152,Q.U.B.E Director's Cut
1153,Serious Sam 2
1154,Serious Sam Classic The First Encounter
1155,Sniper Ghost Warrior 2
1156,X2 The Threat
1157,Tales from the Borderlands
1158,The Legend of Korra
1159,The Bard's Tale
1160,RPG Maker VX Ace
1161,The Bureau XCOM Declassified
1162,Grey Goo
1163,Far Cry 4
1164,Kingdom Wars
1165,Dungeon Siege III
1166,Sakura Spirit
1167,Fable - The Lost Chapters
1168,Worms Ultimate Mayhem
1169,Nail'd
1170,Lords Of The Fallen
1171,DUNGEONS - The Dark Lord (Steam Special Edition)
1172,Rusty Hearts
1173,Kingdom Rush
1174,IL-2 Sturmovik Cliffs of Dover
1175,X Rebirth
1176,Teenage Mutant Ninja Turtles Out of the Shadows
1177,Assassins Creed Unity
1178,Guncraft
1179,Life is Feudal Your Own
1180,Planet Explorers
1181,Football Manager 2012
1182,Pool Nation
1183,Agarest Generations of War
1184,Penny Arcade's On the Rain-Slick Precipice of Darkness 3
1185,EverQuest II
1186,America's Army Proving Grounds
1187,Operation Flashpoint Red River
1188,Sniper Elite
1189,Commandos Behind Enemy Lines
1190,Godus
1191,Axis Game Factory's AGFPRO 3.0
1192,Edge of Space
1193,Fallen Earth
1194,CastleMiner Z
1195,Mortal Online
1196,Transformice
1197,Emily is Away
1198,Silent Hunter III
1199,IL-2 Sturmovik 1946
1200,Patrician IV Steam Special Edition
1201,Star Wars Starfighter
1202,FINAL FANTASY XIII-2
1203,The Guild II
1204,Game of Thrones 
1205,Cities in Motion 2
1206,AI War Fleet Command
1207,East India Company Gold
1208,Saints Row Gat out of Hell
1209,Borderlands 2 RU
1210,"Pirates, Vikings, & Knights II"
1211,Crysis 2
1212,EasyAntiCheat eSports
1213,I Am Alive
1214,Batman Arkham Knight
1215,Men of War Assault Squad
1216,The Guild II Renaissance
1217,Devilian
1218,Metal Gear Solid Legacy
1219,Resident Evil Revelations 2 / Biohazard Revelations 2
1220,Sengoku
1221,Aura Kingdom
1222,Order of War
1223,Abyss Odyssey
1224,Battlestations Pacific
1225,Hitman Codename 47
1226,Kane & Lynch 2 Dog Days
1227,KnightShift
1228,Kung Fury
1229,Magicite
1230,Narcissu 1st & 2nd
1231,StarMade
1232,The Plan
1233,Ys Origin
1234,Unreal Tournament Game of the Year Edition
1235,SMITE
1236,Ragnarok
1237,Archeblade
1238,HuniePop
1239,Fable III
1240,APB Reloaded
1241,Hyperdimension Neptunia Re;Birth1
1242,Sakura Clicker
1243,Dragon's Prophet
1244,NEKOPARA Vol. 0
1245,NEKOPARA Vol. 1
1246,Phantom Breaker Battle Grounds
1247,sZone-Online
1248,Velvet Sundown
1249,Rise of Incarnates
1250,Gang Beasts
1251,AaAaAA!!! - A Reckless Disregard for Gravity
1252,Tabletop Simulator
1253,Dragon Nest Europe
1254,Deadbreed
1255,RAW - Realms of Ancient War
1256,1... 2... 3... KICK IT! (Drop That Beat Like an Ugly Baby)
1257,Cubemen
1258,Elsword
1259,Grand Chase
1260,Frontline Tactics
1261,F.E.A.R. Online
1262,AaaaaAAaaaAAAaaAAAAaAAAAA!!! for the Awesome
1263,Spiral Knights
1264,The Wonderful End of the World
1265,Serious Sam Classic The Second Encounter
1266,Five Nights at Freddy's 4
1267,Subnautica
1268,Viscera Cleanup Detail Santa's Rampage
1269,Professional Farmer 2014
1270,Trainz Simulator 12
1271,Ultimate Tic-Tac-Toe
1272,Viscera Cleanup Detail Shadow Warrior
1273,Grim Fandango Remastered
1274,NBA 2K14
1275,Broken Sword 5 - the Serpent's Curse
1276,Kentucky Route Zero
1277,Dreamfall Chapters
1278,Shelter
1279,Sherlock Holmes Crimes and Punishments
1280,Kung Fu Strike The Warrior's Rise
1281,Dungeon Siege 2
1282,Baldur's Gate II Enhanced Edition
1283,Baldur's Gate Enhanced Edition
1284,Deadpool
1285,Vindictus
1286,Oddworld Abe's Exoddus
1287,Halo Spartan Assault
1288,Sacred 3
1289,Divine Souls
1290,The Crew
1291,Fistful of Frags
1292,Survarium
1293,Echo of Soul
1294,Only If
1295,Tactical Intervention
1296,Codename CURE
1297,8BitMMO
1298,Forsaken World 
1299,Train Fever
1300,Arma Tactics
1301,Euro Truck Simulator
1302,FreeStyle2 Street Basketball
1303,Knights of Honor
1304,Space Rangers HD A War Apart
1305,Call of Duty 2
1306,Universe Sandbox 
1307,Tom Clancy's Splinter Cell Chaos Theory
1308,Tom Clancy's H.A.W.X. 2
1309,Call of Juarez The Cartel
1310,Sid Meier's Starships
1311,Dwarfs F2P
1312,Dragon Nest
1313,Fuse
1314,Grimoire Manastorm
1315,Shadow Warrior Classic (1997)
1316,H1Z1 Test Server
1317,One Way Heroics
1318,MicroVolts Surge
1319,Cossacks II Napoleonic Wars
1320,Men of War Vietnam
1321,March of War
1322,WRC 4 FIA WORLD RALLY CHAMPIONSHIP
1323,Combat Arms
1324,Gas Guzzlers Extreme
1325,Little Racers STREET
1326,Sid Meier's Ace Patrol
1327,Sid Meier's Ace Patrol Pacific Skies
1328,Warlock 2 the Exiled
1329,Port Royale 3
1330,Blades of Time
1331,The Hat Man Shadow Ward
1332,Lichdom Battlemage
1333,Fairy Bloom Freesia
1334,AirBuccaneers
1335,99 Levels To Hell
1336,March of the Eagles
1337,12 Labours of Hercules
1338,Yet Another Zombie Defense
1339,Age of Empires Online
1340,DETOUR
1341,Defy Gravity
1342,Why So Evil
1343,Commander Conquest of the Americas
1344,Rise of Venice
1345,Frankenstein Master of Death
1346,12 Labours of Hercules II The Cretan Bull
1347,Bloody Trapland
1348,Boson X
1349,Draw a Stickman EPIC
1350,Epigenesis
1351,GooCubelets
1352,Jet Gunner
1353,Polarity
1354,STORM Frontline Nation
1355,Spirits
1356,Squishy the Suicidal Pig
1357,Sunrider Mask of Arcadius
1358,The Journey Down Chapter One
1359,Uncrowded
1360,Urban Trial Freestyle
1361,Waveform
1362,Disciples III Renaissance
1363,Football Manager 2014
1364,FINAL FANTASY III
1365,Blockland
1366,Papo & Yo
1367,Go! Go! Nippon! ~My First Trip to Japan~
1368,FUEL
1369,SpellForce 2 - Faith in Destiny
1370,Free to Play
1371,"Dr. Langeskov, The Tiger, and The Terribly Cursed Emerald A Whirlwind Heist"
1372,FootLOL Epic Fail League
1373,Grotesque Tactics Evil Heroes
1374,WWE 2K15
1375,NARUTO SHIPPUDEN Ultimate Ninja STORM Revolution
1376,Strife
1377,The Lord of the Rings Online
1378,TOME Immortal Arena
1379,Aftermath
1380,Kings Bounty Legions
1381,Enemy Front
1382,Eldevin
1383,Gunscape
1384,Red Crucible Firestorm
1385,MX vs. ATV Reflex
1386,Stealth Inc 2
1387,The Evil Within
1388,Let the Cat In
1389,the static speaks my name
1390,Age of Conan Unchained - EU version
1391,DYNASTY WARRIORS 8 Xtreme Legends Complete Edition
1392,Brick-Force
1393,Loadout Campaign Beta
1394,Lambda Wars Beta
1395,Stronghold Legends
1396,Metal Reaper Online
1397,Double Action Boogaloo
1398,Guns and Robots
1399,Cubic Castles
1400,Dragomon Hunter
1401,RaiderZ
1402,Villagers and Heroes
1403,Batla
1404,RPG MO
1405,City of Steam Arkadia
1406,LIGHTNING RETURNS FINAL FANTASY XIII
1407,DiggerOnline
1408,Dragons and Titans
1409,Smashmuck Champions
1410,Ascend Hand of Kul
1411,Face of Mankind
1412,Anarchy Arcade
1413,Solstice Arena
1414,Football Superstars
1415,Panzar
1416,Anno Online
1417,TerraTech
1418,Soccer Manager 2015
1419,Mitos.is The Game
1420,Navy Field 2  Conqueror of the Ocean
1421,S.K.I.L.L. - Special Force 2
1422,Deepworld
1423,TDP4Team Battle
1424,Scribblenauts Unmasked
1425,Boring Man - Online Tactical Stickman Combat
1426,HIT
1427,Get Off My Lawn!
1428,Teeworlds
1429,Viridi
1430,Missing Translation
1431,TowerFall Ascension
1432,Construction-Simulator 2015
1433,Poly Bridge
1434,Blood Bowl 2
1435,F1 2015
1436,Indiana Jones and the Last Crusade
1437,NBA 2K13
1438,Sleeping Dogs Definitive Edition
1439,Bound By Flame
1440,Grow Home
1441,Binary Domain
1442,Eador. Masters of the Broken World
1443,La-Mulana
1444,Omerta - City of Gangsters
1445,PixelJunk Shooter
1446,Starbound - Unstable
1447,Oddworld New 'n' Tasty
1448,Football Manager 2013
1449,Football Manager 2015
1450,Football Manager 2016
1451,Football Manager 2010
1452,NBA 2K16
1453,NBA 2K9
1454,Football Manager 2009
1455,Football Manager 2011
1456,Anno 1404
1457,Heroes of Might & Magic V Tribes of the East
1458,Warmachine Tactics
1459,Might & Magic X - Legacy 
1460,Guild Wars
1461,Soccer Manager 2016
1462,RollerCoaster Tycoon 2 Triple Thrill Pack
1463,Software Inc.
1464,Need for Speed SHIFT
1465,Geometry Dash
1466,Majesty 2 Collection
1467,Fight The Dragon
1468,Jagged Alliance - Back in Action
1469,Stonehearth
1470,Apotheon
1471,Airline Tycoon 2
1472,Empyrion - Galactic Survival
1473,Turbo Dismount
1474,Crusaders of the Lost Idols
1475,Hospital Tycoon
1476,Lifeless Planet
1477,Wild Warfare
1478,Strike Vector
1479,Hatred
1480,F1 2014
1481,War Inc. Battlezone
1482,Modular Combat
1483,Disciples II Gallean's Return
1484,Pro Evolution Soccer 2015
1485,The Settlers Online
1486,WARMODE
1487,America's Army 3
1488,100% Orange Juice
1489,Dungeons 2
1490,Spooky's House of Jump Scares
1491,Men of War Red Tide
1492,NBA 2K15
1493,Dead Realm
1494,Road Redemption
1495,The Four Kings Casino and Slots
1496,Commandos 2 Men of Courage
1497,LEGO Batman The Videogame
1498,Sonic Adventure 2 
1499,Lego Harry Potter
1500,Receiver
1501,404Sight
1502,POSTAL
1503,Passing Pineview Forest
1504,Rise of Flight United
1505,The Basement Collection
1506,Sonic Adventure DX
1507,Metro Conflict
1508,Serena
1509,Hatoful Boyfriend
1510,King's Bounty Warriors of the North
1511,Construct 2 Free
1512,Saints Row IV Inauguration Station
1513,Darkwind War on Wheels
1514,Hurtworld
1515,UberStrike
1516,Tales of Zestiria
1517,PixelJunk Monsters Ultimate
1518,LEGO Batman 3 Beyond Gotham
1519,LEGO Jurassic World
1520,HIS (Heroes In the Sky)
1521,Battle Islands
1522,Galcon 2
1523,Mabinogi
1524,Eternal Senia
1525,Jigoku Kisetsukan Sense of the Seasons
1526,Ragnarok Online 2
1527,Sigils of Elohim
1528,Soldier Front 2
1529,NotGTAV
1530,Arma 2 Free
1531,The Forgotten Ones
1532,Murder Miners
1533,Echoes+
1534,Apotheon Arena
1535,Piercing Blow
1536,Heroes of Scene
1537,Prime World
1538,Run and Fire
1539,METAL SLUG DEFENSE
1540,Tap Tap Infinity
1541,Audition Online
1542,Duck Game
1543,World of Soccer online
1544,Victim of Xen
1545,CroNix
1546,Survival Postapocalypse Now
1547,Speedball 2 HD
1548,Rustbucket Rumble
1549,Five Nights at Freddy's 3
1550,All Is Dust
1551,Heroes of Might & Magic III - HD Edition
1552,Magic Barrage - Bitferno
1553,Running Shadow
1554,CrimeCraft GangWars
1555,Scania Truck Driving Simulator
1556,Wind of Luck Arena
1557,OMSI 2
1558,Clown House (Palyao Evi)
1559,Football Manager 2016 Demo
1560,Bus Driver
1561,C9
1562,Royal Quest
1563,Disney Infinity 3.0 Play Without Limits
1564,Color Symphony
1565,Golden Rush
1566,Speedball 2 Tournament
1567,Gladiators Online Death Before Dishonor
1568,Back to Dinosaur Island 
1569,60 Seconds!
1570,Warside
1571,Amazing World
1572,Might & Magic Heroes Online
1573,Genesis Online
